receta,replica,semilla,especie,n,maneras,punta,conserva,agua,trampa,fuego,puntaMax,conservaMax,aguaMax,trampaMax,fuegoMax,tabuComun,tabuParte,repartoComun,repartoParte,guardarComun,guardarParte,mudarseComun,mudarseParte,muertosComun,muertosParte,parejaComun,parejaParte,extranoComun,extranoParte,senalComun,senalParte,adornoComun,adornoParte,propioComun,propioParte
base,1,1,steve,103,24,0.139,0.104,0.2,0.145,0,0.57,0.37,0.49,0.5,0,0,0.64,1,0.71,0,0.54,1,0.8,0,0.82,2,0.43,0,0.44,2,0.5,1,0.72,2,0.82
base,1,1,arana,2,1,0,0,0,0.3,0,0,0,0,0.3,0,3,1,1,1,1,1,1,1,1,1,2,1,1,1,1,1,3,1,0,1
base,2,2,steve,51,22,0.166,0.15,0.088,0.042,0,0.33,0.36,0.27,0.22,0,1,0.75,2,0.45,0,0.69,0,0.86,2,0.53,2,0.37,0,1,2,0.86,0,0.47,1,0.47
base,3,3,steve,90,14,0.137,0.08,0.195,0.011,0,0.59,0.45,0.42,0.1,0,2,0.89,1,0.59,1,0.88,1,0.69,1,0.72,1,0.9,0,0.46,0,0.68,2,0.73,2,0.57
base,3,3,arana,2,2,0,0,0,0.3,0,0,0,0,0.3,0,1,1,1,1,0,1,0,1,2,1,0,0.5,0,0.5,2,1,0,1,2,1
base,4,4,steve,86,27,0.288,0.152,0.038,0.027,0,0.66,0.51,0.25,0.14,0,1,0.59,0,0.71,1,1,0,0.77,2,0.5,0,0.78,2,0.52,0,0.58,0,0.44,2,0.4
base,4,4,arana,12,4,0.186,0,0.041,0.281,0,0.36,0,0.21,0.3,0,0,1,2,0.67,0,1,0,1,0,1,0,1,0,1,0,0.5,1,1,0,1
suelo pobre (el de antes: agua 30 y energia 40),1,1,steve,14,4,0.174,0.077,0.016,0.031,0,0.36,0.19,0.11,0.12,0,1,0.57,1,1,0,0.93,1,0.93,1,0.93,2,0.93,1,0.5,0,0.93,2,0.93,1,0.5
suelo pobre (el de antes: agua 30 y energia 40),2,2,steve,17,5,0.056,0,0.053,0.032,0,0.28,0,0.25,0.14,0,0,0.82,2,0.53,0,0.76,1,0.65,2,0.71,2,0.53,2,0.53,2,0.59,2,0.59,1,1
suelo pobre (el de antes: agua 30 y energia 40),3,3,steve,15,5,0.014,0.141,0.007,0,0,0.11,0.37,0.1,0,0,1,0.47,0,0.8,0,0.8,0,0.73,2,0.8,1,0.73,0,0.73,0,0.67,2,0.73,0,0.93
suelo pobre (el de antes: agua 30 y energia 40),4,4,steve,25,6,0.112,0.043,0,0.113,0,0.31,0.16,0,0.27,0,0,0.68,2,1,0,0.6,1,1,1,0.8,1,0.6,1,0.92,1,0.76,2,0.88,2,0.68
