hora,matas,cerdo,cerdoGen,cerdoLlegadas,coyote,coyoteGen,coyoteLlegadas,steve,steveGen,steveLlegadas,arana,aranaGen,aranaLlegadas
1,151,5,0.4,0,0,0,1,40,0.35,0,16,0,2
2,321,22,1.23,0,0,0,3,49,0.98,2,1,0,3
3,368,28,1.96,0,4,0,6,88,1.65,4,0,0,5
4,387,15,2.8,0,0,0,8,60,2.53,4,2,0,8
5,406,4,0,1,0,0,9,56,3.07,6,9,0,11
6,412,0,0,1,1,0,11,45,3.51,8,5,0.2,13
7,447,9,0.78,2,2,0,13,62,3.18,10,3,0.33,15
8,467,18,1.67,2,2,0,15,47,4.45,10,9,0,17
9,503,1,0,3,4,0,17,53,5.4,10,6,1.17,19
10,518,0,0,5,4,0,19,65,5.6,12,12,0,22
11,501,6,0.5,8,3,0,20,62,6.73,13,0,0,24
12,491,31,1.48,8,1,0,22,45,7.27,14,18,0,28
13,489,0,0,9,2,0,23,47,5.06,18,12,0.17,30
14,517,1,0,11,2,0,24,41,6.61,19,1,0,32
15,506,7,0.43,13,2,0,25,40,8.43,19,8,0,35
16,513,2,0,15,1,0,27,59,7.07,22,9,0,38
17,523,0,0,16,4,0,29,41,9.24,23,21,0.14,41
18,531,1,1,18,1,0,30,39,9.31,25,10,0,43
19,544,4,0,20,0,0,32,53,8.72,28,10,0.1,45
20,558,0,0,22,4,0,34,48,9,30,4,0,48
21,565,0,0,24,0,0,35,52,10.44,32,1,0,50
22,583,2,0,28,1,0,37,47,12.26,33,3,0.33,53
23,590,2,0.5,30,1,0,38,35,15.8,34,2,0.5,55
24,589,0,0,32,1,0,39,49,12.84,38,7,0,57
25,589,2,0,35,2,0,41,57,14.53,41,0,0,59
26,604,0,0,38,0,0,42,55,15.33,44,6,0,62
27,613,0,0,42,4,0,45,61,15.85,46,9,0,65
28,612,4,0.75,44,0,0,46,56,17.43,48,9,0,67
29,627,1,0,45,2,0,48,52,15.21,52,0,0,69
30,624,0,0,47,1,0,49,54,16.93,54,4,0,72
31,630,0,0,50,3,0,51,58,18.33,56,2,0.5,74
32,634,0,0,51,2,0,53,54,17.56,59,13,0.08,77
33,636,1,1,53,0,0,53,58,19.84,62,2,0,79
34,646,1,0,57,4,0,55,56,21.16,65,4,0,82
35,654,4,0,61,0,0,56,67,20.31,69,2,0,84
36,657,4,0,63,4,0,59,54,25.57,71,4,0.5,87
37,676,2,0,65,2,0,60,60,21.63,76,3,0.33,89
38,682,0,0,69,1,0,62,56,28.55,77,9,0.11,92
39,693,3,0,73,0,0,64,62,25.85,81,2,0.5,94
40,704,3,1.33,73,0,0,66,63,18.4,84,8,0.25,97
41,703,0,0,74,1,0,68,60,20.02,85,8,0.13,99
42,717,3,0,78,0,0,70,43,28.07,85,11,0,102
43,712,4,0,82,2,0,72,55,26.75,88,6,0.17,104
44,732,3,0,86,0,0,74,60,26.63,91,16,0.06,107
45,736,0,0,89,2,0,76,60,28.07,93,8,0,109
46,740,3,0.67,91,3,0,78,48,29.23,94,9,0,111
47,749,3,0,93,2,0,80,63,24.48,99,1,1,113
48,760,0,0,93,3,0,82,56,27.45,100,9,0,116
49,773,1,0,97,4,0,84,59,30.24,103,1,1,118
50,784,0,0,100,1,0,84,54,31.57,106,9,0,121
51,798,1,0,102,2,0,86,53,33.98,109,1,0,123
52,807,0,0,103,0,0,88,62,31.76,112,8,0,126
53,805,2,0,107,4,0,91,69,32.64,115,9,0,129
54,808,3,0.33,109,2,0,92,53,35.98,117,5,0,131
55,808,3,0.33,110,0,0,94,60,30.85,122,9,0,134
56,822,0,0,113,4,0,97,57,35.61,124,10,0,137
57,831,0,0,116,2,0,99,58,38.88,127,0,0,138
58,839,3,0.33,118,1,0,101,61,28.61,132,4,0.25,141
59,844,0,0,120,2,0,102,43,36.72,133,0,0,143
60,845,0,0,125,1,0,103,54,40.06,135,2,0,146
61,857,0,0,129,4,0,105,61,41.56,138,8,0.13,149
62,867,0,0,132,3,0,106,57,41.54,142,17,0.06,152
63,871,0,0,136,2,0,108,59,41.95,147,9,0.22,154
64,874,0,0,140,0,0,110,53,43.92,149,16,0.06,157
65,887,3,0,145,4,0,113,65,42.91,153,7,0.14,159
66,900,1,0,147,2,0,115,50,44.66,156,11,0,162
67,900,2,0,151,1,0,117,53,42.77,160,4,0.25,164
68,892,1,0,152,3,0,119,67,34.81,164,0,0,165
69,858,0,0,155,4,0,121,40,46.17,166,0,0,168
70,836,0,0,159,4,0,123,57,45.42,171,9,0,171
71,822,0,0,162,0,0,124,60,42.02,176,2,0,173
72,797,0,0,166,4,0,127,65,39.89,180,0,0,175
73,801,0,0,169,0,0,128,53,38.6,184,7,0,178
74,792,4,0,172,0,0,130,57,29.65,189,0,0,180
75,797,0,0,175,1,0,132,41,45.24,190,8,0,183
76,800,1,0,178,4,0,134,49,30.84,196,8,0,185
77,806,3,0,181,1,0,135,33,41.52,197,0,0,187
78,810,0,0,183,4,0,137,52,28.92,202,0,0,189
79,818,3,0,187,0,0,138,43,29.3,204,9,0,192
80,824,0,0,190,1,0,140,32,41.34,205,15,0.13,195
81,833,0,0,193,1,0,141,43,29.51,209,6,0,197
82,835,0,0,196,0,0,143,49,31.24,212,17,0,200
83,834,0,0,200,2,0,145,39,44.51,213,4,0.25,202
84,837,4,0,204,0,0,146,34,40.41,215,4,0.25,204
85,848,0,0,205,4,0,148,52,25.85,219,9,0.11,207
86,858,2,0,209,4,0,150,58,24.93,222,9,0,209
87,859,2,0,212,1,0,151,48,29.23,225,4,0.5,211
88,857,0,0,215,1,0,153,36,34.64,228,9,0,214
89,862,0,0,218,0,0,154,33,36.03,230,3,0,216
90,872,0,0,221,4,0,157,32,43.66,233,10,0.1,219
91,873,4,0,224,2,0,159,38,40.47,236,9,0.22,221
92,880,2,0,228,2,0,161,54,36.61,240,9,0,223
93,881,1,0,230,1,0,163,55,38.73,243,9,0,226
94,885,0,0,233,1,0,165,39,50.82,246,14,0.21,229
95,901,2,0,237,0,0,167,50,45.76,250,8,0,231
96,904,1,1,239,0,0,169,42,51.74,253,15,0.13,234
97,906,3,0,243,0,0,171,58,35.36,259,8,0,236
98,912,2,0,247,0,0,173,47,50.28,260,18,0,239
99,916,3,0,250,4,0,176,43,41.79,264,9,0,241
100,919,0,0,252,4,0,177,51,35.73,269,17,0,244
101,927,0,0,255,4,0,178,35,52.14,270,2,0,246
102,917,2,0,258,4,0,180,50,42.94,275,9,0,249
103,922,4,0,262,2,0,181,47,49.81,279,1,0,251
104,928,1,0,265,1,0,183,63,44.38,284,0,0,253
105,939,0,0,269,4,0,186,54,56.54,287,8,0,256
106,945,0,0,273,2,0,187,66,47.97,293,0,0,258
107,826,4,0,276,4,0,188,76,51.58,295,9,0,261
108,845,3,0,277,4,0,189,88,57.51,300,16,1.88,262
109,909,1,0,280,4,0,191,152,67.53,306,6,3.67,263
110,897,4,0,284,0,0,192,132,65.54,311,16,0.44,265
111,892,0,0,286,4,0,195,96,69.15,316,14,1.79,266
112,908,2,0,291,0,0,196,101,67.55,324,11,0.64,268
113,939,0,0,295,4,0,199,92,73.26,329,25,0.4,270
114,951,2,0,299,1,0,201,103,68.58,336,1,0,270
115,974,0,0,304,0,0,202,93,77.91,341,21,0.43,273
116,985,2,0.5,307,0,0,204,97,70.45,348,6,2,274
117,991,0,0,310,4,0,207,97,75.91,354,2,2,275
118,1016,2,0,315,4,0,209,92,76.64,360,9,0.56,277
119,1036,0,0,316,3,0,211,107,60.37,369,6,3,278
120,1053,1,0,318,4,0,214,87,83.77,374,10,2.5,280
121,1059,0,0,322,0,0,215,96,73.85,382,2,3.5,281
122,1067,2,0.5,324,4,0,218,88,81.16,387,14,0.43,283
123,1084,0,0,326,2,0,220,98,70.24,395,6,1.5,284
124,1101,2,0,331,4,0,222,109,78.06,400,9,0,286
125,1119,2,0,333,1,0,224,98,73.37,407,3,1,287
126,1121,0,0,336,4,0,226,94,81.4,413,20,1.2,289
127,1113,3,0,339,4,0,228,73,86.08,418,23,3.04,290
128,1069,12,0.67,340,4,0,230,63,81.32,423,11,1.27,291
129,1055,0,0,342,0,0,231,67,64.06,429,21,0.48,293
130,1069,0,0,346,4,0,233,69,76.17,433,1,3,294
131,1079,4,0,349,0,0,233,88,62.13,439,0,0,295
132,1083,3,1.33,349,4,0,236,53,76.36,441,4,1.5,297
133,1085,4,0.25,350,0,0,236,65,64.48,447,17,0.59,299
134,1110,0,0,352,4,0,238,57,79.84,450,14,0.57,301
135,1114,4,0.25,354,2,0,239,50,87.6,456,9,0.56,302
136,1123,0,0,355,0,0,241,71,71.24,461,16,0.19,304
137,1139,0,0,357,4,0,243,60,83.15,465,3,0.33,305
138,1143,0,0,358,0,0,244,61,89.21,470,16,0.94,307
139,1142,1,0,362,0,0,246,73,76.34,476,13,1,309
140,1145,2,0,364,1,0,248,76,81.33,482,18,0,311
141,1155,3,0,368,3,0,250,64,85.33,487,16,0.5,312
142,1167,2,0,371,4,0,252,82,81.87,494,9,0.33,313
143,1168,3,0,372,1,0,254,67,81.27,498,17,0.29,315
144,1183,4,0,375,2,0,256,74,95.54,504,2,0.5,316
145,1197,3,0,378,1,0,258,76,87.41,512,4,0.75,317
146,1207,3,1.67,378,3,0,260,68,93.31,516,1,1,318
147,1228,0,0,378,1,0,262,72,81.43,521,9,0,320
148,1218,12,0.92,379,0,0,264,67,79.99,527,7,2.14,321
149,1232,0,0,381,0,0,266,55,98.11,532,12,0.33,323
150,1232,0,0,384,0,0,268,54,99.24,538,14,0.36,325
151,1236,2,0,388,0,0,270,63,93.03,544,5,1.8,326
152,1241,0,0,392,0,0,272,77,93.25,550,0,0,327
153,1242,1,0,396,3,0,274,93,81.7,559,3,0,329
154,1237,2,0,398,4,0,276,72,96.29,563,12,0.33,331
155,1239,0,0,399,1,0,278,72,95.49,569,18,0.17,333
156,1241,2,0,402,0,0,280,67,96.27,575,11,0.73,334
157,1241,3,0,404,1,0,282,73,95.78,581,1,1,335
158,1251,0,0,404,0,0,284,81,86.64,588,6,1.33,337
159,1265,3,0,409,2,0,287,99,87.66,596,0,0,338
160,1277,0,0,411,0,0,288,85,92.29,601,15,0.27,341
161,1294,4,0.5,413,4,0,291,73,97.84,606,7,0.57,342
162,1309,1,1,413,4,0,293,71,95.79,612,17,0.59,344
163,1327,2,1,415,0,0,294,71,88.99,618,4,2,345
164,1323,2,1.5,415,0,0,296,79,82.25,625,2,4.5,346
165,1332,2,2.5,415,1,0,298,76,80.68,631,1,6,347
166,1334,1,3,415,0,0,300,61,99.16,635,9,0.67,349
167,1329,0,0,417,1,0,303,76,112.22,641,24,0.5,351
168,1323,2,0.5,420,0,0,305,80,109.13,648,15,0.2,353
169,1325,1,0,422,1,0,307,86,93.03,658,8,1.25,354
170,1333,0,0,426,2,0,309,93,103.28,667,2,1,355
171,1336,0,0,430,0,0,311,96,112.76,674,11,0.27,357
172,1342,0,0,434,4,0,314,87,113.99,682,1,1,358
173,1339,4,0,439,0,0,315,96,108.38,691,4,0.5,360
174,1348,0,0,441,4,0,318,93,108.15,699,4,1.5,361
175,1352,0,0,444,0,0,319,93,104.22,707,10,0.3,363
176,1361,1,0,446,0,0,321,93,102.11,715,21,0.48,365
177,1182,0,0,449,4,0,324,40,111.25,722,8,1.25,366
178,1156,0,0,450,4,0,326,94,56.66,727,19,0.16,368
179,1197,4,0,454,3,0,328,145,61.61,727,9,0,369
180,1220,2,0,458,0,0,328,139,78.97,728,11,0.18,371
181,1227,0,0,462,4,0,331,123,104.72,728,12,0.67,372
182,1218,2,0,466,4,0,333,112,93.04,728,7,0.43,373
183,1227,0,0,469,4,0,335,93,87.34,730,17,0.41,375
184,1212,3,0,472,4,0,337,65,81.31,731,20,0.6,376
185,1203,1,0,475,0,0,338,94,84.89,732,0,0,376
186,1208,0,0,479,0,0,340,68,108.44,732,2,0.5,378
187,1223,1,0,483,4,0,343,61,117.98,734,10,0.7,380
188,1243,0,0,486,0,0,345,69,118.04,735,13,0.46,381
189,1255,1,0,490,0,0,347,60,121,736,12,0.25,383
190,1260,0,0,493,0,0,349,54,130.28,736,0,0,383
191,1263,0,0,497,4,0,352,57,122.81,737,7,0.71,385
192,1273,0,0,500,4,0,354,53,129.91,738,10,0.4,386
193,1286,0,0,505,0,0,355,70,123.71,740,12,0.58,388
194,1301,2,0,509,4,0,358,61,125.41,741,19,0.37,390
195,1318,3,0,513,4,0,360,64,133.58,742,9,0,391
196,1312,0,0,517,0,0,362,71,113.18,745,11,0.09,393
197,1323,3,0,521,0,0,364,58,126.64,746,5,1,394
198,1324,0,0,524,0,0,366,52,138.94,746,1,0,395
199,1337,0,0,527,4,0,369,53,139.62,747,4,1,397
200,1345,1,0,532,1,0,371,55,134.85,749,20,0.35,399
201,1341,0,0,535,0,0,372,60,129.52,751,18,0,401
202,1358,0,0,539,4,0,375,53,141.19,752,0,0,401
203,1376,4,0,543,4,0,377,68,117.85,755,3,1.67,403
204,1385,0,0,546,0,0,378,57,130.32,755,5,0.8,405
205,1390,0,0,550,1,0,380,58,145.78,756,8,0.5,407
206,1417,0,0,554,1,0,382,69,127.8,758,13,0.31,408
207,1407,1,0,557,1,0,383,53,135.21,759,10,0.1,410
208,1413,0,0,561,0,0,384,63,124.73,761,17,0.29,412
209,1422,0,0,566,4,0,387,58,132.16,762,16,0.44,413
210,1437,0,0,568,2,0,389,56,125.79,763,6,0.33,414
211,1412,1,0,572,2,0,391,59,129.34,764,23,0.26,416
212,1424,0,0,575,4,0,393,52,140.5,765,0,0,416
213,1441,0,0,578,1,0,394,53,134.72,766,3,0.67,418
214,1444,2,0,583,0,0,395,50,154.1,766,21,0.48,420
215,1455,0,0,585,0,0,397,56,126.5,768,5,0.4,421
216,1467,2,0,588,2,0,399,34,155.29,768,11,0.64,423
217,1456,0,0,591,4,0,400,49,143.2,770,28,0.39,425
218,1443,2,0,595,1,0,402,43,161.02,770,12,0.5,426
219,1438,0,0,598,3,0,404,50,140.02,772,1,1,426
220,1412,1,0,602,0,0,406,44,133.3,773,6,0.33,428
221,1358,0,0,606,0,0,409,53,142.13,775,5,0.8,429
222,1365,2,0,610,1,0,411,49,112.24,779,9,0,431
223,1364,1,0,613,0,0,413,52,90.38,782,0,0,432
224,1366,2,0,616,4,0,416,43,98.14,784,8,0.63,434
225,1364,0,0,619,3,0,418,50,100.8,788,17,0.47,435
226,1368,4,0,622,0,0,418,50,77.92,792,3,1.67,435
227,1388,0,0,624,0,0,420,39,78.85,794,20,0.6,437
228,1379,4,0,626,4,0,423,33,87.58,797,16,0.44,438
229,1390,3,0,629,4,0,425,48,53.9,803,3,1.33,439
230,1401,0,0,631,0,0,426,30,119,804,12,1.58,440
231,1401,0,0,635,0,0,428,56,87.43,810,19,0.58,441
232,1397,0,0,638,0,0,430,50,124.56,811,1,2,441
233,1410,3,0,642,1,0,432,43,103.21,814,1,0,442
234,1410,2,0,645,0,0,434,47,91.09,819,10,0.4,444
235,1415,0,0,649,3,0,436,52,98.46,823,9,0,445
236,1430,1,0,653,0,0,437,44,109.32,826,2,0.5,446
237,1428,0,0,656,0,0,440,51,111.2,829,18,0.33,448
238,1427,1,0,659,4,0,442,56,92.54,834,2,1.5,448
239,1437,2,0,663,0,0,444,52,103.35,837,6,0.5,450
240,1439,3,0,666,2,0,446,49,113.65,840,0,0,451
241,1440,2,0,670,4,0,448,52,87.96,844,3,1,453
242,1448,2,0,674,0,0,449,46,118.07,846,5,1.4,454
243,1460,3,0,678,4,0,452,54,94.85,850,24,0.29,456
244,1464,1,0,681,3,0,454,49,87.45,853,1,0,456
245,1460,3,0,684,4,0,456,46,112,856,8,0.5,458
246,1474,1,0,688,3,0,458,49,126.88,858,28,0.36,460
247,1477,2,0,691,0,0,459,47,117.79,861,9,0,461
248,1483,4,0,695,1,0,462,44,98.48,864,2,0.5,462
249,1481,0,0,698,0,0,464,48,108.9,866,12,0.67,464
250,1489,0,0,701,4,0,466,59,91.73,871,16,0.44,465
251,1500,3,0,705,4,0,468,55,114.85,873,2,0.5,466
252,1510,0,0,708,0,0,469,44,92.07,876,9,1.22,467
253,1505,1,0,711,4,0,472,37,109.76,879,8,0.75,468
254,1510,0,0,714,0,0,474,45,118.24,882,11,0.09,470
255,1509,0,0,718,0,0,476,48,114.98,884,11,0.09,471
256,1517,0,0,721,4,0,479,56,98.96,888,2,0.5,471
257,1541,0,0,725,4,0,480,54,93,891,11,0.45,473
258,1510,4,0,729,0,0,482,45,124.11,893,20,0.4,475
259,1516,1,0,732,1,0,484,43,118.07,896,7,0.57,476
260,1520,1,0,736,4,0,486,65,123.18,900,16,0.44,478
261,1532,0,0,739,0,0,488,63,109.89,904,9,0.33,479
262,1521,2,0,744,0,0,490,51,125.35,905,10,0.1,481
263,1525,0,0,747,1,0,492,42,157.33,905,9,0,482
264,1530,0,0,750,0,0,494,40,128.93,908,5,0.6,483
265,1544,0,0,754,0,0,496,48,126.77,911,21,0.29,485
266,1544,0,0,757,0,0,497,44,151.82,913,2,0.5,485
267,1551,3,0,761,4,0,500,49,129.08,917,3,1.33,486
268,1552,0,0,764,4,0,502,66,101.77,922,8,0.88,487
269,1438,2,0,768,4,0,504,96,86.19,924,14,0.14,489
270,1446,2,0,770,0,0,506,185,85.19,925,9,0,490
271,1603,0,0,774,0,0,508,217,147.85,925,18,0,493
272,1564,0,0,779,0,0,511,225,128.13,926,22,0.23,495
273,1597,0,0,784,4,0,514,161,118.12,926,14,0.36,497
274,1630,0,0,788,0,0,516,159,106.23,928,2,0,499
275,1671,0,0,793,4,0,519,151,101.5,929,12,0.25,502
276,1697,1,0,798,2,0,521,137,111.07,929,2,0.5,504
277,1737,4,0,803,4,0,523,133,118.24,931,1,1,506
278,1751,0,0,805,3,0,525,122,132.94,931,9,0,509
279,1769,0,0,809,4,0,527,114,139.17,932,20,0.2,512
280,1760,1,1,813,4,0,528,102,150.85,934,9,0,514
281,1735,0,0,817,1,0,529,96,158.19,935,9,0,516
282,1631,0,0,822,0,0,531,79,172.27,935,19,0.05,519
283,1587,8,0.5,825,0,0,533,64,160.36,936,9,0.22,521
284,1568,18,1.28,825,0,0,535,46,159.02,938,4,0.5,523
285,1569,0,0,825,2,0,537,38,145.21,941,5,0.4,525
286,1583,3,0,829,3,0,538,40,153.78,943,6,0.33,527
287,1580,0,0,832,0,0,538,56,117.29,948,10,0.3,529
288,1555,4,0,836,0,0,540,56,146.18,950,9,0.33,531
289,1528,9,1.11,836,1,0,542,64,147.61,954,2,0.5,533
290,1516,0,0,838,2,0,544,82,157.87,958,3,1,535
291,1525,1,0,842,4,0,546,76,164.97,961,3,0.33,537
292,1530,0,0,846,4,0,547,66,153.39,965,2,1,539
293,1535,2,0,849,2,0,549,59,154.78,967,1,0,541
294,1541,0,0,852,0,0,550,60,145.75,970,0,0,543
295,1527,1,0,856,2,0,553,57,150.32,973,0,0,545
296,1526,1,0,859,2,0,555,54,162.7,976,2,1.5,547
297,1536,0,0,863,0,0,557,69,157.77,981,5,0.6,549
298,1540,0,0,867,2,0,559,80,136.41,986,1,0,551
1,428,2,0.5,0,0,0,0,74,0.28,0,9,0,1
2,680,8,1.25,0,1,0,1,143,0.99,0,1,0,2
3,799,39,2.26,0,0,0,3,158,1.75,0,1,0,3
4,937,1,4,0,0,0,5,156,2.87,0,3,0,4
5,945,8,5.25,0,4,0,8,86,3.45,0,3,0,5
6,900,50,6.54,0,4,0,9,59,4.78,0,1,0,6
7,857,0,0,1,0,0,10,80,5.59,0,0,0,7
8,878,0,0,3,4,0,13,59,7.69,0,1,0,8
9,871,21,1.1,4,0,0,13,44,8.07,0,9,0,10
10,832,6,1.83,4,4,0,15,80,8.96,0,1,0,10
11,859,5,2,4,2,0,16,65,10.8,0,1,0,11
12,870,4,0,5,3,0,17,36,11.86,0,1,0,12
13,839,17,1.24,5,2,0,18,46,12.96,0,9,0,14
14,845,4,1,5,2,0,19,64,13.98,0,5,0,15
15,867,31,2.74,5,4,0,21,36,14.03,0,3,0,16
16,863,8,4.5,5,4,0,23,61,14.7,0,9,0,18
17,886,23,5.39,5,4,0,24,81,14.84,0,9,0,19
18,915,3,6,5,4,0,25,53,17.55,0,1,0,19
19,941,18,7.83,5,0,0,25,70,17.77,0,0,0,20
20,960,94,8.98,5,4,0,27,66,18.35,0,5,0,22
21,989,63,10.54,5,4,0,29,28,18.29,0,3,0,23
22,976,156,11.94,5,4,0,31,51,19.71,0,0,0,24
23,924,25,13.12,5,4,0,32,83,21.88,0,9,0,26
24,943,46,13.22,5,2,0,33,93,23.34,0,3,0,27
25,945,5,15.8,5,3,0,35,29,23.41,0,2,0,28
26,958,28,16.96,5,1,0,35,69,24.8,0,6,0,29
27,957,5,18.6,5,1,0,36,95,27.41,0,9,0,31
28,989,27,19.93,5,0,0,37,66,28.85,0,0,0,31
29,982,170,21.16,5,3,0,38,28,29.14,0,5,0,33
30,975,23,22.7,5,2,0,39,81,30.46,0,0,0,34
31,981,96,24.05,5,1,0,40,69,31.1,0,9,0,36
32,960,220,25.02,5,4,0,42,149,32.5,0,9,0,37
33,973,820,26.58,5,0,0,42,156,33.48,0,1,0,37
1,2905,179,1,0,19,0.37,0,122,0.25,0,8,0.38,0
2,3381,538,2,0,25,0.76,0,143,0.85,0,6,0.17,0
3,3978,227,3.05,0,35,1.17,0,209,1.57,0,7,0,1
1,5154,213,0.81,0,30,0.37,0,168,0.24,0,8,0,0
2,6286,477,1.75,0,23,0.74,0,258,1,0,5,0,0
3,6688,147,2.57,0,33,1.18,0,381,1.76,0,9,0,1
4,6974,242,4.07,0,32,1.75,0,528,2.73,0,6,0,1
1,5494,409,1,0,24,0.38,0,156,0.22,0,8,0.38,0
2,6826,1433,2.03,0,24,0.67,0,168,0.57,0,9,0,1
3,7938,1130,2.68,0,20,0.7,0,221,1,0,3,0,2
4,8408,149,3.39,0,18,1,0,170,1.36,0,2,1,3
5,8731,474,4.7,0,14,1.71,0,189,1.81,0,1,1,3
6,8229,2207,5.93,0,16,2.19,0,206,3.1,0,5,0,5
